link	tag	rank	mu	sigma	content_type
http://media.giphy.com/media/jvtGmtAKiUcnu/giphy.gif	smh,disgusted,disappointed,	0	37.98507226136329	1.8195777482389126	gif
http://media1.giphy.com/media/nu6XLY6QHeUk8/giphy.gif	no,workaholics,adam devine,adam demamp,nope,	1	37.955448513223196	1.9443805133729624	gif
http://media.giphy.com/media/S0CYNcDqktvnq/giphy.gif	movies,	2	37.28680089350954	2.4341961691840095	gif
http://media.giphy.com/media/KZvT5AWF4ADAI/giphy.gif	giphytrending,gross,the tonight show,michelle obama,eww,	3	37.07409170750293	2.2454330016036126	gif
http://media.giphy.com/media/16q4pTTzmIM1y/giphy.gif	tv,celebrities,Freaked out,Shocked face,	4	36.97613282645857	2.3371473036673063	gif
http://media.giphy.com/media/IIjH0wN7F3uzS/giphy.gif	movies,celebrities,clint eastwood,seems legit,disgust,arguments,intelligent design,	5	36.681544279432025	2.2176691243548685	gif
http://media.giphy.com/media/gluHeuOwnv4Ry/giphy.gif	tv,ludacris,	6	36.38426100170775	2.128249019570228	gif
http://media.giphy.com/media/NvIXxXxtnCz8A/giphy.gif	britney spears,scared,what,x factor,huh,	7	36.23000004058158	2.0491949173308863	gif
http://media0.giphy.com/media/1bYaHhGtueIqQ/giphy.gif	movie,funny,johnny depp,actor,pirates of the carribean,jack sparrow,gross,famous,pirate,disgusted,gag,eww,	8	35.970712705394696	1.6075103910748367	gif
http://media.giphy.com/media/11w0l0hDWECDJK/giphy.gif	reaction,jennifer lawrence,silver linings playbook,gross,tiffany,ew,disgusted,the silver linings playbook,	9	35.681510000629665	1.7500983817457716	gif
http://media.giphy.com/media/tNxpSC7DmYWMo/giphy.gif	gross,antm,americas next top model,miss jay,office bullshit,no one wants to hear it,fix yo mug,	10	35.07127570565344	1.5865923363487704	gif
http://media.giphy.com/media/eHFWNWOuUkvZu/giphy.gif	no,frustrated,bill cosby,smh,	11	34.645937847458406	1.6167432605162917	gif
http://media1.giphy.com/media/TtTPBR1sA1yJq/giphy.gif	jennifer lawrence,disgusted,	12	34.41573916889901	1.6607845122324245	gif
http://media.giphy.com/media/GPxHIZMItpVp6/giphy.gif	reaction,girl,pretty,face,blonde,emily osment,cyberbully,lily truscott,	13	34.22606840056185	1.403107100910317	gif
http://media1.giphy.com/media/C0FcwaopmfsfC/giphy.gif	snl,kristen wiig,confused,shocked,the look,	14	34.10342536139509	1.2973097755125256	gif
http://media.giphy.com/media/fnsAlP05ed5ra/giphy.gif	yikes,what,gross,key and peele,disgusted,	15	34.01424542860358	1.5132981147566433	gif
http://media.giphy.com/media/130IoeDsWKrn5C/giphy.gif	funny,cool,awesome,fun,amazing,hilarious,angry,humor,mtv,awkward,hate,	16	34.005742566496565	1.4852151031849434	gif
http://media.giphy.com/media/dPkQk7aiwL8DC/giphy.gif	movie,meryl streep,chewing,doubt,	17	33.965544255409135	1.6674557955352578	gif
http://media.giphy.com/media/KmNe62WBC49fq/giphy.gif	reaction,gross,wrecking ball,disgusted,talk show,grossed out,throwing up,mley cyrus,	18	33.5736523923785	1.6755786236229664	gif
http://media.giphy.com/media/MzTyXR25VraUM/giphy.gif	b2st,meh,doojoon,dujun,yoon leader,	19	33.12304662355127	1.2276894157859388	gif
http://media.giphy.com/media/SQMUAPJ3mVweA/giphy.gif	food,sad,baby,crying,eating,ew,disgusted,	20	32.94810707188315	1.6053650628584075	gif
http://media.giphy.com/media/VbQYjdSsUGw3m/giphy.gif	powerpuff girls,mine,ppg,las chicas superpoderosas,yuk,	21	32.84109151751477	1.4859231412896075	gif
http://media0.giphy.com/media/yP7LYIWf7Zb2M/giphy.gif	shocked,david bowie,musician,horrified,	22	32.83463512524107	1.3524442060107975	gif
http://media.giphy.com/media/VbBa16LaoG6Kk/giphy.gif	tv,giggle,when someone farts,	23	32.50621538369665	1.8314402495715976	gif
http://media.giphy.com/media/Z8Z8NiyQRgU9y/giphy.gif	one direction,community,louis tomlinson,crazy,conan obrien,spongebob squarepants,best,conan,pool,shark,teeth,finding nemo,sassy,ken jeong,fart,joe,tyler oakley,judging you,senor chang,grin,freak out,joe sugg,spazz,hip thrust,gif round up,you aint me,you hate me,you hate me cos you aint me,	24	32.498393947069374	1.3656917284123553	gif
http://media.giphy.com/media/EE9Ug7loVajrG/giphy.gif	infomercial,great,vanilla,turds,	25	32.46425718435757	1.4124991276451981	gif
http://media.giphy.com/media/TdmTcdoN3egaQ/giphy.gif	no,will smith,nope,smh,disgusted,	26	32.46277680159209	1.2985555022622497	gif
http://media.giphy.com/media/GuRYyIHhBuYta/giphy.gif	conan obrien,frustrated,whatever,sarcastic,eyeroll,stunned,andy ricter,	27	32.45625248069291	1.1980525587254922	gif
http://media.giphy.com/media/dYM1bHuaLiquQ/giphy.gif	emma stone,shocked,upset,disgusted,	28	32.434942264108905	1.6650804680254971	gif
http://media0.giphy.com/media/WH2SXsQTQlRuM/giphy.gif	harry potter,bullshitmovie,harry potter,angry,bullshit,	29	32.40732986155495	1.2385572979853443	gif
http://media3.giphy.com/media/MdV8W1vlCmvxS/giphy.gif	emma stone,no,funny face,sick,	30	32.337631391067085	1.343079827947697	gif
http://media1.giphy.com/media/eygUOqridg0py/giphy.gif	scared,shocked,screaming,funny face,emma stone,	31	32.30615881968492	1.556315035397694	gif
http://media.giphy.com/media/NcXQzr1mcQnza/giphy.gif	the oc,tongue,disgusted,summer roberts,	32	32.30365387261931	1.1962307713211031	gif
http://media2.giphy.com/media/Thy8kuIWJyEso/giphy.gif	arrested development,bored,unimpressed,jessica walter,lucille bluth,	33	32.16864540067231	1.4967566507815657	gif
http://media.giphy.com/media/4IDCH5YWGtn6U/giphy.gif	britney spears,britney,seriously,security,	34	32.1636689247765	1.3301429590602138	gif
http://media.giphy.com/media/ZVAljETAG7jRS/giphy.gif	movies,rage,	35	32.12004395017341	1.228311201791322	gif
http://media.giphy.com/media/12f31lpt5QGIWQ/giphy.gif	basketball,scared,suspicious,yikes,uneasy,	36	31.971528428906723	1.299370967909894	gif
http://media.giphy.com/media/91EoESQhbEJ44/giphy.gif	infomercial,	37	31.94141982846916	1.2467297760401888	gif
http://media.giphy.com/media/13ATyLQB0rLVzG/giphy.gif	celebrities,smh,	38	31.92291843200661	1.1848744823051018	gif
http://media.giphy.com/media/fvqITkChKLUys/giphy.gif	reactions,emma watson,annoyed,eye roll,eyeroll,bothered,irked,	39	31.88224879143464	1.2986703890446993	gif
http://media.giphy.com/media/YzzNCfkfAVU08/giphy.gif	home video,disgust,shaytards,babytard,	40	31.77521304279514	1.5134755494020382	gif
http://media.giphy.com/media/g52Y39pUaT21i/giphy.gif	confused,jimmy fallon,what,excuse me,outraged,	41	31.73793814694474	1.1857775535155073	gif
http://media1.giphy.com/media/bRi1sMN9TYwAo/giphy.gif	tv,lucille bluth,unimpressed,arrested development,jessica walter,drinking,suspicious,	42	31.627542774778725	1.476690616316789	gif
http://media.giphy.com/media/qANTkBjw4DQJ2/giphy.gif	tv,no,george costanza,seinfled,	43	31.61647254869374	1.1722252071166503	gif
http://media.giphy.com/media/9rw4wUruOQS2I/giphy.gif	tv,doctor who,supernatural,crowley,mark sheppard,x-files,markageddon 2013,cecil lively,canton everett delaware iii,captain hartman,jake 20,	44	31.59937159244905	1.3125806457920015	gif
http://media.giphy.com/media/MWVXE3Mn82XVS/giphy.gif	giphytrending,food,will smith,fresh prince of bel air,gross,disgusting,yuck,	45	31.5097002647068	1.3284695174852392	gif
http://media.giphy.com/media/Tqi5zRpWrQJIk/giphy.gif	twin peaks,dale cooper,other,laura palmer,black lodge,leland palmer,bob,little man from another place,annie blackburn,windom earle,	46	31.501415772531107	1.1742280666153142	gif
http://media.giphy.com/media/1066R6v0UTeXvi/giphy.gif	reactiongifs,football,disappointed,oh no,new orleans saints,rob ryan,dejected,	47	31.470869755268946	1.31517513272257	gif
http://media.giphy.com/media/kMJky4EdhVKrm/giphy.gif	stupid,seriously,dumb,tags,tag,illogical,ignorant,	48	31.464054703332476	1.33680340689076	gif
http://media.giphy.com/media/AOlZ1L7hGTcbu/giphy.gif	miley cyrus,wow,surprised,gasp,	49	31.45091226945873	1.4356707035892797	gif
http://media.giphy.com/media/4GOsNvivPX4ek/giphy.gif	no,smh,today show,al roker,	50	31.389533048470323	1.2415900837458818	gif
http://media.giphy.com/media/5SACnx6H1bztm/giphy.gif	better,toilet,plunger,	51	31.347000875664065	1.353287399883445	gif
http://media.giphy.com/media/10nN4rCRsDWAcE/giphy.gif	mrw,parents,	52	31.258556842615896	1.3748706900230534	gif
http://media.giphy.com/media/F1vVOnJyNVOCY/giphy.gif	tv,funny,television,gifs,mine,gif,lol,commercial,haha,lmao,farmers insurance,ahaha,custom gif,oh god no,	53	31.181477507359777	1.257741758453442	gif
http://media1.giphy.com/media/14tMvm3DN8hChO/giphy.gif	workaholics,adam devine,funny face,adam demamp,blake anderson,unimpressed,gross,	54	31.16295795452396	1.7387662126614043	gif
http://media.giphy.com/media/12qp7JNffmKFFu/giphy.gif	movies,harry potter,	55	31.1482139983372	1.0222353878636452	gif
http://media.giphy.com/media/ykYdLkzl0dqVi/giphy.gif	movies,film,jennifer lawrence,4,silver linings playbook,	56	31.11375254317749	1.5177898478740282	gif
http://media.giphy.com/media/MZZOmrLVMRjlC/giphy.gif	tv,friends,the episode with the ladys garbage house was so fucking hilarious,	57	31.110765492423425	1.544916210860584	gif
http://media.giphy.com/media/9PGPHVTvxa0EM/giphy.gif	movies,michael shannon,jessica chastain,take shelter,	58	31.03169429033992	1.2786216763692737	gif
http://media.giphy.com/media/136XSFlN3DGZHy/giphy.gif	world,bay,kind,	59	31.001495164632306	1.262797653228908	gif
http://media.giphy.com/media/TjZjp1gx0lfFu/giphy.gif	no,king of the hill,bobby hill,	60	30.952600721242852	1.1473881811077435	gif
http://media.giphy.com/media/Am2CWJC0v2SOI/giphy.gif	tv,reactions,do not want,dislike,say what incredulous,stinkface,	61	30.924819641017187	1.2634432670522748	gif
http://media.giphy.com/media/aOWu5p3kId0Na/giphy.gif	television,giphyartistrealitytvgifs,gif,real housewives,gifs,gross,real housewives of orange county,rhooc,disgusted,vicki,vicki gunvalson,disgusting,	62	30.835180334995634	1.5529853596383132	gif
http://media3.giphy.com/media/6xgslyYQCyLa8/giphy.gif	angry,frustrated,mad,	63	30.75137948864947	1.5415660106649245	gif
http://media.giphy.com/media/Rn9UhAl9hXC8w/giphy.gif	infomercial,bear,home,experience,grylls,	64	30.74392108802901	1.4407195101367056	gif
http://media.giphy.com/media/amIt8Jyb9V9Pq/giphy.gif	smh,confession,thats so raven,	65	30.652433750342375	1.1723540416634595	gif
http://media.giphy.com/media/kXO0nr6vu3RpS/giphy.gif	workaholics,drink,comedy central,gross,	66	30.63364237577716	1.1176644539642024	gif
http://media1.giphy.com/media/orL9qTRD9BiH6/giphy.gif	smh,no,annoying,	67	30.608587623071834	1.5101433230220063	gif
http://media.giphy.com/media/bU2tjufI1GOOs/giphy.gif	giphytrending,confused,serious,debate,bill nye,creation evolution debate,	68	30.6032442894354	1.149046954685468	gif
http://media.giphy.com/media/1047xUIi3HQnmw/giphy.gif	andy richter,disgust,roll eyes,	69	30.58940751100722	1.2374019425281466	gif
http://media1.giphy.com/media/3drmEWeOUgzKg/giphy.gif	confused,what,wide eyes,	70	30.584058473686678	1.1568723133827425	gif
http://media1.giphy.com/media/XsYQt313vQm88/giphy.gif	adventure time,cartoon,scared,finn,grossed out,	71	30.54465076323014	1.2495202751076848	gif
http://media.giphy.com/media/EUCFabg0hB1eM/giphy.gif	cartoons & comics,regular show,mordecai and rigby,	72	30.53808044486604	1.0803234171973588	gif
http://media0.giphy.com/media/X8495z8Ebt4ru/giphy.gif	ugh,disgusted,amber rose,	73	30.524646350492173	1.2393065160407672	gif
http://media.giphy.com/media/adlPS9aMT2CNG/giphy.gif	anime,k on,yuri,cringe,kon,k-on,	74	30.501780265128012	1.180500112460823	gif
http://media.giphy.com/media/Av0OHEGtZPLSo/giphy.gif	tv,comedy,seinfeld,jerry seinfeld,man hands,	75	30.460772214936135	1.1620963531199704	gif
http://media0.giphy.com/media/zClsuG7FNIZQA/giphy.gif	frustrated,conan,conan obrien,annoyed,	76	30.42291995817067	1.1805435763969767	gif
http://media.giphy.com/media/enx2oexRhEWru/giphy.gif	reaction,what,shocked,surprised,	77	30.400415875897846	1.0039776169820391	gif
http://media.giphy.com/media/DjknQBPpyTWaA/giphy.gif	cartoons & comics,south park,randy,the stick of truth,	78	30.39834621573547	1.3927519274583613	gif
http://media.giphy.com/media/12lKydNSWJUFzi/giphy.gif	scared,no,upset,	79	30.37946896635689	1.555526115882053	gif
http://media3.giphy.com/media/CsmxRhrFvA784/giphy.gif	rihanna,angry,annoyed,music video,pissed,we found love,	80	30.376042078909286	1.1211980120227438	gif
http://media3.giphy.com/media/4qCEytljLybzq/giphy.gif	south park,stan,nervous,wendy,disgusted,vomit,grossed out,	81	30.371652907672544	1.1555068689410704	gif
http://media0.giphy.com/media/fL3k5qH3hVm48/giphy.gif	weird,kristen wiig,funny face,whatever,	82	30.304086917409045	1.6512758211392409	gif
http://media.giphy.com/media/BYLdx1PdIe8ow/giphy.gif	movies,surprised,lindsay lohan,suspicious,the parent trap,	83	30.300513282756942	1.19691859050728	gif
http://media.giphy.com/media/1NV68cEzleVUc/giphy.gif	emma stone,confused,what,unimpressed,funny face,crazy stupid love,	84	30.290702950080284	1.6224804702953866	gif
http://media3.giphy.com/media/Bcpspr9LTSvss/giphy.gif	frustrated,gordon ramsay,disappointed,hell's kitchen,	85	30.285267335085056	1.0800542566964915	gif
http://media.giphy.com/media/11psExTgaf0Oxa/giphy.gif	people,no,white people,unimpressed,steve buscemi,pete and pete,	86	30.270762673635804	1.338690428696659	gif
http://media.giphy.com/media/gj8bDcA9gKi5i/giphy.gif	star trek,the doctor,ds9,voyager,tng,facepalm,kathryn janeway,worf,benjamin sisko,jean luc picard,william riker,wesley crusher,	87	30.264261746366653	1.2835378038245573	gif
http://media.giphy.com/media/UvdZaV19VBEuk/giphy.gif	baby,eating,suspicious,	88	30.263052921227885	1.0752318832700851	gif
http://media.giphy.com/media/WbLNhAjCxpMoE/giphy.gif	movies,90s,brad pitt,meet joe black,	89	30.243864568031558	1.3956667299039323	gif
http://media3.giphy.com/media/1HIBPhFX8nnag/giphy.gif	david bowie,angry,cookie,hitting,fury,	90	30.24141751457837	1.587479394639074	gif
http://media.giphy.com/media/FgvGBjiV4lIfS/giphy.gif	unimpressed,golden globes,tommy lee jones,mieszne,	91	30.156571468569307	1.2543216843466944	gif
http://media.giphy.com/media/sRb7yNtTJAtZS/giphy.gif	doctor who,what,tenth doctor,	92	30.156195355246123	1.1798056979900364	gif
http://media.giphy.com/media/10csqvVjwa58BO/giphy.gif	movies,happy endings,he,casey wilson,elisha cuthbert,penny hartz,prettybutt,alex kerkovich,i laugheda lot,	93	30.153990933900765	1.3548781200892315	gif
http://media.giphy.com/media/pN38ocUsoBALS/giphy.gif	gross,megan fox,disgusted,eww,	94	30.12446608619238	1.1090691957908652	gif
http://media.giphy.com/media/U6JR05at2HHhe/giphy.gif	one direction,louis tomlinson,eye roll,sassy,	95	30.09724255836196	1.0481662685814357	gif
http://media.giphy.com/media/penEsyDJ2beEM/giphy.gif	a,h,heather morris,	96	30.0892756560364	1.1124809461746088	gif
http://media.giphy.com/media/dEdmW17JnZhiU/giphy.gif	tv,the office,eye roll,	97	30.059519450761094	1.1628702829072306	gif
http://media1.giphy.com/media/K5CULzwBU03HG/giphy.gif	ace ventura,jim carrey,eating,ace venturamovie,jim carrey,eating,ace ventura,	98	30.050939955359183	1.0893269995080064	gif
http://media.giphy.com/media/DdydyuuG3bQti/giphy.gif	television,giphytrending,snl,things i made,californians,amber alert,	99	30.049521731757466	1.1554451823755625	gif
http://media.giphy.com/media/MoKQFvwIcwHra/giphy.gif	regret,	100	30.0201634607654	1.266131814829715	gif
http://media.giphy.com/media/Ptp8tgIUVETII/giphy.gif	wtf,	101	30.017989675991547	1.1833670022789513	gif
http://media.giphy.com/media/PORh0UVsUCIGk/giphy.gif	obama,beer,drink,taiwanese animation,nmatv,nma,disgusted,sarah palin,pee,beck,grossed out,ebay,chug,glenn beck,oatmeal,its oatmeal,rick rolled,fooled you,poo poo,obama in pee pee,pee pee,chocolate chip cookie,	102	30.012157959330658	1.5269689377364317	gif
http://media.giphy.com/media/GRGoeg3vzW62I/giphy.gif	movies,denzel,	103	30.01160532057033	1.1697280589119237	gif
http://media.giphy.com/media/13PBOiVnRnbuZa/giphy.gif	no,smh,the wire,head shake,	104	29.985610796011432	1.0932438880278013	gif
http://media0.giphy.com/media/T2DIBldAU5ZyU/giphy.gif	alcohol,sigh,unimpressed,eye roll,sassy,wine,	105	29.98530946932775	1.200442110548914	gif
http://media.giphy.com/media/10U3Acqy4DcxuE/giphy.gif	movies,no,nicolas cage,annoyed,phone,smh,vampires kiss,nodding no,	106	29.977241886151134	1.3589093494715399	gif
http://media.giphy.com/media/bEKjCAeNxVMQ0/giphy.gif	reaction,mrw,test,classmate,	107	29.952599899947778	1.363650168769506	gif
http://media.giphy.com/media/uewmNrMIjCJhK/giphy.gif	film,jennifer lawrence,2012,house at the end of the street,	108	29.929729423399902	1.2078335820378603	gif
http://media.giphy.com/media/oKMckEElgluIE/giphy.gif	angry,frustrated,futurama,anger,disbelief,outraged,	109	29.928307808667434	1.072955985422338	gif
http://media2.giphy.com/media/ZgqJGwh2tLj5C/giphy.gif	bored,american idol,unimpressed,simon cowell,	110	29.913766064042	1.1063787047623974	gif
http://media.giphy.com/media/HNjP1JeROV8pq/giphy.gif	tv,scared,frog,shock,chelsea lately,chelsea handler,frighten,	111	29.900893340617973	1.5402142832960763	gif
http://media.giphy.com/media/k4YKIdHIScbkY/giphy.gif	coffee,will ferrell,zoolander,mugatu,spit take,	112	29.897329715803092	1.056600270839455	gif
http://media.giphy.com/media/szJt6oi6GuMwg/giphy.gif	jennifer lawrence,scared,	113	29.849941900454162	1.5080051539226815	gif
http://media.giphy.com/media/2jy33pWNeWVWw/giphy.gif	random,30 rock,my,idek,im just so happy my show is back okay,30r,	114	29.839151319515164	1.0171911063312444	gif
http://media.giphy.com/media/bSEiimbASEe9W/giphy.gif	movies,damon salvatore,4x17,louiza,damon x salvatore,	115	29.837898033390157	1.3707208392899066	gif
http://media0.giphy.com/media/fBmkwZOR7jfHy/giphy.gif	sad,demi lovato,disappointed,	116	29.83641541659673	1.0646392506678288	gif
http://media.giphy.com/media/13AbwdfEHTvih2/giphy.gif	upset,hat,disappointed,	117	29.82863549512955	1.1216073217706735	gif
http://media.giphy.com/media/LWHFgNArk98jK/giphy.gif	infomercial,surprise,mr,chicken,t,	118	29.82383851385721	1.2558790974931042	gif
http://media.giphy.com/media/bQ38ZIY0K0C2c/giphy.gif	angry,kids,frustrated,youths,	119	29.82377836356717	1.092452722621808	gif
http://media.giphy.com/media/lMtkjxH2RR9de/giphy.gif	glee,	120	29.80648900592136	1.3605119090332	gif
http://media1.giphy.com/media/dpEn8XVfvtHmo/giphy.gif	gangster squad,unimpressed,shrug,funny face,idk,working,shrugging,	121	29.801270140367293	1.4693240156998917	gif
http://media.giphy.com/media/QPvSCqNxX60CI/giphy.gif	me,absurdnoise,random,gross,paul rudd,love it,vomit,i love you man,vomting,cooter,pubic mound,chese,projectile vomiting,	122	29.780997875785722	0.9790130056566353	gif
http://media.giphy.com/media/11JbbNHfXBqqhq/giphy.gif	giphytrending,what,surprised,huh,	123	29.76333253612971	1.0801426408476018	gif
http://media.giphy.com/media/w0u6l82NZExHy/giphy.gif	arrested development,eye roll,lindsay,	124	29.73761030011978	1.1281388662157807	gif
http://media.giphy.com/media/7ZfRjk4U7emI0/giphy.gif	movies,mygf,alan rickman,kate winslet,emma thompson,sense and sensibility,	125	29.737362409280053	1.0620967972659532	gif
http://media.giphy.com/media/nglE7v1oU9LKE/giphy.gif	taste,bitter,	126	29.736082392235243	1.1793698338219805	gif
http://media.giphy.com/media/S8Rvn5UZmQIYE/giphy.gif	scared,mad men,peggy,	127	29.724471846124974	1.3855500674147765	gif
http://media.giphy.com/media/103HJZ0KmjvW0w/giphy.gif	model,frustrated,unimpressed,cara delevingne,whatever,stressed,	128	29.70204893175092	1.1463869870095693	gif
http://media.giphy.com/media/K5UsSdiHckAjm/giphy.gif	infomercial,	129	29.69295957460821	1.1532933592483907	gif
http://media.giphy.com/media/fU8X6ozSszyEw/giphy.gif	tv,the office,steve carell,bye,michael scott,dumb,seriously,vomit,pda,tcu,	130	29.634195683054795	1.0883810016410833	gif
http://media.giphy.com/media/JF2SNZPmdxMgo/giphy.gif	celebrities,singing,american idol,reaction faces,	131	29.607047864010195	1.1151158212140455	gif
http://media.giphy.com/media/NMkDjJP2ZC29G/giphy.gif	giphytrending,unimpressed,disneyland,chloe,	132	29.591317069210415	1.2445832181238328	gif
http://media.giphy.com/media/WT1BOLSX3vKa4/giphy.gif	youtuber,espaa,vlogger,indignation,elvisa yomastercard,indignacion,	133	29.56871362520928	1.267300685435533	gif
http://media.giphy.com/media/Hq2wu4Q5FhIEU/giphy.gif	eye roll,sassy,attitude,zoey 101,	134	29.55655279492039	1.4128950585328335	gif
http://media.giphy.com/media/GWcKxjOsMxwoU/giphy.gif	tv,new girl,confused,what,jake johnson,	135	29.55445362510319	1.3582037558346056	gif
http://media.giphy.com/media/klTeWcjw5ruOQ/giphy.gif	movies,no,reactions,do not want,dramatic,matrix,neo,	136	29.51215322005498	1.1700103710128151	gif
http://media.giphy.com/media/oxFDq4E9CHb7W/giphy.gif	celebrities,no,kanye west,smh,	137	29.489170831231455	1.1070674197911794	gif
http://media3.giphy.com/media/fAGln5qp01U9q/giphy.gif	jack nicholson,middle finger,	138	29.487108789451476	1.0747273683902212	gif
http://media.giphy.com/media/kjph1P48smCR2/giphy.gif	true blood,request,lafayette reynolds,503,	139	29.47378126283879	1.4342955891036557	gif
http://media.giphy.com/media/11ePfcpk9TG360/giphy.gif	reactiongifs,disappointed,disbelief,disgust,what were you thinking,	140	29.469924202846116	1.3882587600278073	gif
http://media.giphy.com/media/N4hHsZoD3edqw/giphy.gif	greys anatomy,fan girl,eye twitch,i cant help it,	141	29.45071986077116	1.031943242280205	gif
http://media0.giphy.com/media/rsBVkMZABjup2/giphy.gif	no,britney spears,	142	29.440093492523363	1.1042085002132593	gif
http://media.giphy.com/media/pjzekauLY5Tc4/giphy.gif	tv,leighton meester,blair waldorf,scare,	143	29.431223923995393	1.2493179443512714	gif
http://media.giphy.com/media/lhfnAjmZQHEpa/giphy.gif	reaction,star trek,facepalm,picard,	144	29.430762031039492	1.1003463243933367	gif
http://media.giphy.com/media/6RCWzHNG5mP0k/giphy.gif	movies,	145	29.41736367671734	1.342008298891495	gif
http://media.giphy.com/media/6rBc4u6R8sN32/giphy.gif	comedy,louis ck,	146	29.414072923951736	1.019194715642983	gif
http://media.giphy.com/media/f93Ufnd1dTHvq/giphy.gif	no,annoyed,kobe bryant,facepalm,	147	29.40692457247267	1.0930919177584446	gif
http://media.giphy.com/media/14cF3BtmNmSGfC/giphy.gif	movies,film,hoppip,imt,napoleon dynamite,choking,amy-yes,low fidelity,orange juice,gags,	148	29.398402150297386	2.131427362100793	gif
http://media.giphy.com/media/ry6BrbbLysbC/giphy.gif	oscars,steve buscemi,boardwalk empire,wtf,frightened,baffled,or some other such award show,	149	29.39727497200153	1.3879627212890646	gif
http://media2.giphy.com/media/COO13FZ1ktabS/giphy.gif	frustrated,seriously,	150	29.38596526593789	1.0617049440953055	gif
http://media.giphy.com/media/1XVVLBev87hm0/giphy.gif	tired,annoyed,upset,grumpy cat,	151	29.37409152742003	1.2687679377002126	gif
http://media.giphy.com/media/11EU4UwMSD0p3O/giphy.gif	basketball,unimpressed,not amused,larry bird,	152	29.37277445431006	1.343332786460801	gif
http://media.giphy.com/media/rZ7RuZguRPbXi/giphy.gif	doctor who,tv,matt smith,confused,	153	29.361425047470775	1.0521180170037	gif
http://media.giphy.com/media/jxX5NORkje7L2/giphy.gif	coffee,twitchy,jittery,	154	29.31977031063091	1.2051914676832574	gif
http://media.giphy.com/media/BDsnOQNiv9ZL2/giphy.gif	lol,cartoon network,courage the cowardly dog,	155	29.302201365534597	1.3557247090496491	gif
http://media.giphy.com/media/ANKGyEklkv8Gc/giphy.gif	facepalm,	156	29.294045202080905	1.1281886760011723	gif
http://media.giphy.com/media/RaqMhzkLqVm0M/giphy.gif	giphytrendinghold,reactiongifs,sad,workaholics,what,	157	29.262484848925016	1.0335405204142083	gif
http://media.giphy.com/media/eHGqM3GLMQjG8/giphy.gif	reaction,no,sassy,tyler oakley,	158	29.257306280328272	1.2891490285412304	gif
http://media.giphy.com/media/CUK00NgJan196/giphy.gif	tv,music,funny,cute,miley cyrus,school,show,hate,hannah montana,study,yuck,grr,	159	29.251107818006812	1.1216235611044545	gif
http://media.giphy.com/media/z5WtAAaFpnIgU/giphy.gif	no,	160	29.244840863833815	1.129557217629874	gif
http://media2.giphy.com/media/FkqkHAhFkH2Rq/giphy.gif	crazy stupid love,emma stone,confused,what,excuse me,	161	29.244280384224698	1.3964048103818671	gif
http://media.giphy.com/media/siFaJVXkUiJHO/giphy.gif	celebrities,facepalm,	162	29.218558353901855	1.101746553148455	gif
http://media.giphy.com/media/eDlXoJ2O7gKvm/giphy.gif	unimpressed,project runway,nina garcia,project runway 12,	163	29.2015200925236	1.3122801119324663	gif
http://media0.giphy.com/media/kzqqeazk910C4/giphy.gif	angry,30 rock,frustrated,liz lemon,fml,blerg,	164	29.194968947023888	1.065371941605935	gif
http://media.giphy.com/media/7GsdDdLUM1MVW/giphy.gif	movie,funny,fashion,confused,zoolander,mugatu,	165	29.194708372538713	1.4564222600914074	gif
http://media.giphy.com/media/7WinDUW7941Vu/giphy.gif	television,shocked,seinfeld,george costanza,elaine benes,sweet fancy moses,	166	29.190785930148227	1.055110004281935	gif
http://media.giphy.com/media/5J0rBSfsyAYEw/giphy.gif	movies,legally blonde,	167	29.178867450411722	1.2152698721942505	gif
http://media.giphy.com/media/jK872cYkccms0/giphy.gif	sad,jensen ackles,frown,spnatural,	168	29.17743364939069	0.9379181707640772	gif
http://media.giphy.com/media/D0xiGhXPUFCq4/giphy.gif	tv,infomercial,	169	29.170225925550536	1.1065076882156961	gif
http://media.giphy.com/media/112NJ9gBWFuWis/giphy.gif	cinderella man,	170	29.169838738204568	1.0633337338832538	gif
http://media.giphy.com/media/ljIAXJIFWH2yk/giphy.gif	jimmy fallon,emmys,slow clap,sarcastic,	171	29.168513329286643	1.1948857828275914	gif
http://media0.giphy.com/media/116a8zosxwA0SI/giphy.gif	robert downey jr,confused,frustrated,hand,sigh,	172	29.146643934223015	1.2117505231886783	gif
http://media.giphy.com/media/pj8zUmZogKUGA/giphy.gif	james may,bmw,mercedes,table flip,best show ever,the stig,top gear uk,	173	29.1410054022409	1.1808417788622365	gif
http://media.giphy.com/media/nEo9ZYKNumugo/giphy.gif	smh,	174	29.139693822321178	1.0188511865142136	gif
http://media.giphy.com/media/10Velb45AjmRos/giphy.gif	angry,screaming,scrubs,zach braff,jd,descriptive noise,	175	29.133544813647028	1.3425928235947475	gif
http://media.giphy.com/media/v9XOvFXsEZlKM/giphy.gif	bored,unimpressed,sleepy,hey arnold,helga,	176	29.117677842258825	1.3804158654274035	gif
http://media.giphy.com/media/yxsDo5YGYLKjC/giphy.gif	movies,girl,fail,text,lost,hurt,judge,	177	29.115919453482356	1.0762655656688649	gif
http://media0.giphy.com/media/VTk1wX3HEzLNu/giphy.gif	emma stone,sigh,	178	29.11410002496582	1.0190040305666561	gif
http://media.giphy.com/media/Fjr6v88OPk7U4/giphy.gif	reactions,eye roll,kill me,bitch please,krysten ritter,disbelief,eyeroll,roll eyes,incredulous,dont trust the b in apt 23,oh brother,rolls eyes,geez,	179	29.10195877747742	1.0522234106751347	gif
http://media.giphy.com/media/NXxeblyco4H60/giphy.gif	smh,	180	29.101931753982893	1.0711295913605772	gif
http://media.giphy.com/media/UjAOs63K3g01i/giphy.gif	eye roll,annoyed,michelle obama,	181	29.099502998002574	0.9956211791213408	gif
http://media.giphy.com/media/6Nv7BdrUl6Psc/giphy.gif	giphytrending,reactions,30 rock,eye roll,liz lemon,oh brother,oh please,give me a break,oh jeez,	182	29.0888031621897	1.0350089890191558	gif
http://media3.giphy.com/media/R04x3AYoRAuOY/giphy.gif	bow wow,confused,movie,what,huh,lil bow wow,	183	29.081145389853273	1.3371885198447324	gif
http://media.giphy.com/media/zXElJk7MXGqPu/giphy.gif	one direction,interview,zayn malik,sassy,	184	29.075675499088312	1.5309411987241408	gif
http://media0.giphy.com/media/qmfpjpAT2fJRK/giphy.gif	iron man,eye roll,disgust,robert downey jr,the avengers,tony stark,	185	29.06134844147162	1.0633694000961869	gif
http://media1.giphy.com/media/qH7eqS1YknnCE/giphy.gif	arrested development,stressed,frustrated,jason bateman,tired,jeffrey tambor,glasses,	186	29.05745990286254	1.2917749621393886	gif
http://media.giphy.com/media/blFm2zVPCtkbK/giphy.gif	reactiongifs,	187	29.057026309534116	1.1015708003341436	gif
http://media.giphy.com/media/5fNKJ8sEOMhO/giphy.gif	tv,hbo,tumblr,girls,queue,hbo girls,elijah krantz,	188	29.05494524694026	1.276798385570996	gif
http://media2.giphy.com/media/4rkcH1k62Osy4/giphy.gif	eye roll,	189	29.04702014415913	1.00118231136844	gif
http://media.giphy.com/media/tjSBb3g4Oq8iQ/giphy.gif	awkward,toy story,	190	29.04570381545474	1.1321252745725674	gif
http://media.giphy.com/media/AuPvGgQS8QCyc/giphy.gif	suits,holy shit,harvey and donna sobs into hands,i finally watched last weeks ep,holy shit i just,	191	29.04548234645475	1.0415884820842607	gif
http://media.giphy.com/media/AVJ98Irfod3Fe/giphy.gif	mrw,reactiongifs,friend,fingers,laptops,touches,	192	29.041682320394173	1.0996647143170755	gif
http://media.giphy.com/media/AVGBj45RH5iaA/giphy.gif	movies,amy adams,enchanted,patrick dempsey,movie 2007,	193	29.01927284756669	1.1312572135047598	gif
http://media.giphy.com/media/mhQGyhlJx0Xss/giphy.gif	tv,brooklyn star,	194	29.01815385069672	1.22636128103236	gif
http://media.giphy.com/media/94YhlBsVFpDSE/giphy.gif	comedy,louis ck,	195	28.998215735607307	1.134259198095182	gif
http://media.giphy.com/media/kUdjCl1TDvLRm/giphy.gif	emma stone,easy a,insult,twat,	196	28.98848697718196	0.990319123367602	gif
http://media.giphy.com/media/UUVqDm2xhyU36/giphy.gif	friends,shocked,phoebe,	197	28.97588480783603	1.178346965232782	gif
http://media.giphy.com/media/yd6zsTwZ8V9y8/giphy.gif	movies,cloud atlas,	198	28.96699008179821	2.1206181349530513	gif
http://media2.giphy.com/media/AYUUbQ1uoXfzy/giphy.gif	movie,sick,bridesmaids,melissa mccarthy,	199	28.961800480199734	1.077717781612927	gif
http://media0.giphy.com/media/hXVmUL3DV3gZy/giphy.gif	coffee,cinemagraph,morning,bb,fritz lang,jean-luc godard,brigitte bardot,nouvelle vague,contempt,verachtung,	200	28.944244578282774	1.1551842460583448	gif
http://media.giphy.com/media/4gIDfskWLcQN2/giphy.gif	mtv,eye roll,jersey shore,snooki,jersey shore season 5,	201	28.93503717014547	1.1012757238915816	gif
http://media.giphy.com/media/jeK9409uTXyXm/giphy.gif	30 rock,confused,tina fey,liz lemon,vanessa minnillo,	202	28.931504526896873	1.2658803788752468	gif
http://media.giphy.com/media/kkpcRessCvNyo/giphy.gif	angry,frustrated,computer,the it crowd,richard ayoade,maurice moss,	203	28.92610527071807	1.4656926644030477	gif
http://media.giphy.com/media/rlxq3ImUza02A/giphy.gif	movies,mad max,	204	28.921793612679824	1.0936231071268305	gif
http://media.giphy.com/media/qIoRMS84az4Zy/giphy.gif	other,nfl,	205	28.906585515238948	1.2018439633921183	gif
http://media.giphy.com/media/56ZhQqacrrow8/giphy.gif	tv,doctor who,jenna louise coleman,clara oswald,	206	28.882299789122925	1.1900274401500905	gif
http://media.giphy.com/media/6q89N9JOvolNu/giphy.gif	kristen wiig,bridesmaids,my love,stuff i made,blooper reel gifs have now been done to death but i don't care,	207	28.87550915630508	0.942265265930276	gif
http://media.giphy.com/media/US0y4X7FONHaM/giphy.gif	cartoons & comics,the lion king,what,gross,simba,ew,nala,disgust,confusion,	208	28.863888216330988	1.3720002111941814	gif
http://media0.giphy.com/media/EK8bFMGo8fdSM/giphy.gif	movie,confused,mean girls,rachel mcadams,	209	28.856619752007642	1.337972409920798	gif
http://media2.giphy.com/media/PwU8eMH0CsZnW/giphy.gif	new girl,nervous,	210	28.85029632085396	1.569746267349419	gif
http://media.giphy.com/media/34epncp9BZkha/giphy.gif	movies,bear,stephen colbert,the colbert report,idontthinksoyoungman,	211	28.84736295068974	1.0411404180835289	gif
http://media.giphy.com/media/11xIAPD6V8r1Ha/giphy.gif	love,women,scarlett johansson,funny faces,	212	28.838601910590572	1.0696478741036588	gif
http://media2.giphy.com/media/VxLkYEkjHviP6/giphy.gif	mad men,suspicious,joan holloway,tv,reaction,confused,	213	28.836092802844178	1.1500591580041668	gif
http://media.giphy.com/media/14yGWLFpBw5f7q/giphy.gif	awkward,conan obrien,conan,andy richter,	214	28.8311462574143	1.1337819567167433	gif
http://media.giphy.com/media/SDxzM5LAVq5Tq/giphy.gif	wtf,confused,ice cube,	215	28.80986690398256	1.0975951705898332	gif
http://media.giphy.com/media/4wHj2X8k0Z1Vm/giphy.gif	memes,funny blog on tumblr - funny relatable,	216	28.80978858385706	1.457035609126306	gif
http://media.giphy.com/media/6kGptqu0ug3NS/giphy.gif	celebrities,frustrated,what,nervous,ke$ha,	217	28.79316668288577	1.2002915174437596	gif
http://media.giphy.com/media/9JifaSOVLShcQ/giphy.gif	annoyed,amanda bynes,shes the man,sarcastic,	218	28.789224482216657	1.2975686075770945	gif
http://media0.giphy.com/media/9Uxdf4XuLXIKk/giphy.gif	martin scorsese,robert de niro,goodfellas,	219	28.785731248813995	0.963593133560948	gif
http://media.giphy.com/media/11B1yJeIRx5wxW/giphy.gif	tv,freaks and geeks,	220	28.779426015592218	1.1455919980589802	gif
http://media.giphy.com/media/cQIIdLsw0eNpu/giphy.gif	giphytrendinghold,reactions,stare,judging you,contempt,disdain,	221	28.778626603583774	1.18804195989361	gif
http://media1.giphy.com/media/zMe5y4Lfy52Sc/giphy.gif	disney,angry,walt disney,mad,101 dalmations,furious,	222	28.77548547485371	1.1243329018174841	gif
http://media.giphy.com/media/6Q2KA5ly49368/giphy.gif	no,seinfeld,babu,finger wag,	223	28.774017500509547	1.021720002287286	gif
http://media.giphy.com/media/YAlIsf9T08t3O/giphy.gif	giphytrending,baby,monkey,lisa kudrow,romy and michelle,	224	28.766041772137118	1.0491124605508597	gif
http://media.giphy.com/media/nkBa9eREC4D7O/giphy.gif	black and white,halloween,hocus pocus,witch,	225	28.76356756409448	0.9979681178418629	gif
http://media.giphy.com/media/hhanGW2A1k3PG/giphy.gif	funny,lol,fun,random,images,	226	28.753236464625804	0.954908722529302	gif
http://media1.giphy.com/media/dC9dujPVeAfIY/giphy.gif	reaction,basketball,thinking,disappointed,smh,consoled,	227	28.752042803600553	1.1549572275805764	gif
http://media.giphy.com/media/fDlgsZMYZVYgE/giphy.gif	no,rihanna,nope,	228	28.751514975717043	1.0645518493056034	gif
http://media.giphy.com/media/lKB8UY8I6u5kA/giphy.gif	gif,maudit,jeffrey jones,milos forman,amadeus,condensed gif version,f. murray abraham,peter shaffer,tom hulce,	229	28.74374609723455	1.10478697491648	gif
http://media.giphy.com/media/Aweknk6OgrJIY/giphy.gif	tv,angry,the office,dwight schrute,	230	28.73866230881246	1.3443985306020918	gif
http://media.giphy.com/media/XmMTJhITgcjuM/giphy.gif	offended,vicrorias secret,	231	28.73478857655037	0.9969374602998647	gif
http://media.giphy.com/media/nyfFfAISZ0GpW/giphy.gif	halloween,lol,commercial,advertising,adweek,giphypartneradweek,vomit,ad of the day,crest,	232	28.73106029446927	0.9708156260679713	gif
http://media.giphy.com/media/11pW7mDuNhplv2/giphy.gif	emma stone,whatever,shrug,shrugging,	233	28.72743663889183	1.0723339734091488	gif
http://media.giphy.com/media/rrJG8wzzKaxLG/giphy.gif	movies,disney,enchanted,	234	28.72669040282646	1.172622995270599	gif
http://media1.giphy.com/media/tEG1nF1v7AL8A/giphy.gif	sports,basketball,angry,mad,zoom,disappointed,	235	28.72516901173409	1.5531460637580308	gif
http://media.giphy.com/media/5Jd0IkvpIPss0/giphy.gif	no,tracy morgan,no no,	236	28.725000700878585	1.0719717252381327	gif
http://media.giphy.com/media/dqW1oQocvVMLS/giphy.gif	harry potter,angry,bitch please,	237	28.724292367164868	1.0770361270870712	gif
http://media.giphy.com/media/110gOs75GuUWyY/giphy.gif	angry,coach,throwing,	238	28.719530884018706	1.169332626771846	gif
http://media3.giphy.com/media/Xj8orUvjQ2SLS/giphy.gif	kristen wiig,frustrated,unimpressed,bridesmaids,are you kidding me,	239	28.713487140676417	1.12956010736648	gif
http://media.giphy.com/media/tlS09UvhdTQ1W/giphy.gif	bored,nicki minaj,unimpressed,	240	28.704008915680852	1.3971902396109528	gif
http://media1.giphy.com/media/NZhO1SEuFmhj2/giphy.gif	ryan gosling,facepalm,embarrassed,confession,	241	28.697426665389802	0.9763638626790336	gif
http://media.giphy.com/media/108M421sK6WtSE/giphy.gif	oh,bunny,facepalm,bugs,	242	28.675189284976362	1.1704986346361514	gif
http://media.giphy.com/media/FcQ3NehYcfHOM/giphy.gif	moment,	243	28.661628715549877	1.3185573949075455	gif
http://media.giphy.com/media/CPskAi4C6WLHa/giphy.gif	baby,confused,idk,good luck charlie,	244	28.661002209128334	1.3671419305585062	gif
http://media.giphy.com/media/D7OgVUi4hThe/giphy.gif	reaction,adult swim,king of the hill,hank hill,	245	28.650768948501867	1.0484543446941397	gif
http://media.giphy.com/media/iMuxbMyDTxife/giphy.gif	celebrities,jennifer lawrence,concerned,	246	28.639137841521002	1.1266629565715973	gif
http://media.giphy.com/media/NzSdxORcoanUA/giphy.gif	mulder x scully,and my heart broke,	247	28.631836962858237	1.070193293488581	gif
http://media0.giphy.com/media/s5uIHJUlZNQFq/giphy.gif	arrested development,confused,lucille bluth,nervous,mom,suspicious,	248	28.629090683023406	1.1860622245815833	gif
http://media.giphy.com/media/754z6jjugLxio/giphy.gif	movies,kaya scodelario,kaya scodelario icons,	249	28.621042566789527	1.2197004998394518	gif
http://media.giphy.com/media/12rzketWVpeJq0/giphy.gif	perfect,post,text,person,english,	250	28.616368431383748	1.144579931940926	gif
http://media.giphy.com/media/aBooMpl2faiHK/giphy.gif	awkward,jay z,	251	28.613327575067906	1.0617786718903233	gif
http://media.giphy.com/media/NS1xu1E1ZQ1Tq/giphy.gif	jennifer lawrence,bradley cooper,fuck you,silver linings playbook,middle finger,	252	28.60913931342354	1.367191315326065	gif
http://media.giphy.com/media/11wJn6WAiK1pBe/giphy.gif	news & politics,kristen wiig,stressed,kristen,pass out,stressed out,	253	28.607978217624876	1.0129836845086038	gif
http://media2.giphy.com/media/vwu9UTwIwFr7G/giphy.gif	angry,alan rickman,flip,table flip,furious,	254	28.582356600817114	1.01274759131972	gif
http://media.giphy.com/media/14hWTQWSX8q90c/giphy.gif	house of cards,kevin spacey,frank underwood,	255	28.581181458742105	1.036301588658324	gif
http://media.giphy.com/media/kyjkfrL7W8OmA/giphy.gif	tv,lol,baby,kids,freaky,columbia,spectrum emotions,	256	28.57908963278056	1.2298989169841859	gif
http://media.giphy.com/media/FzpNpkngNOSkg/giphy.gif	food,angry,puppy,annoyed,ace ventura,bulldog,jim carey,ace ventura pet detective,dissapointed,hangry,englishbulldog,	257	28.571210955741876	1.1539318628507984	gif
http://media.giphy.com/media/BFb4dCXmqQlb2/giphy.gif	scared,shocked,joaquin phoenix,signs,	258	28.568911916480506	1.1072717063186437	gif
http://media1.giphy.com/media/BaGUxEtYBFYGs/giphy.gif	smile,frustrated,whatever,frown,	259	28.544309234240398	1.1050546905305882	gif
http://media1.giphy.com/media/54PaD9dWT0go/giphy.gif	ryan reynolds,eye roll,annoyed,poncho,ugh,	260	28.54008141314253	1.014981383346635	gif
http://media.giphy.com/media/NiTqWk9Tp8Gje/giphy.gif	disney,pissed,pout,bitchy,cleo,fishy,	261	28.525331268835227	0.9736529627881362	gif
http://media0.giphy.com/media/KbXWu3oDcQVuo/giphy.gif	scared,home alone,kevin,macaulay culkin,	262	28.51611272953553	1.2123029400570777	gif
http://media.giphy.com/media/STnmMzuSBJTJm/giphy.gif	sports,fifa,	263	28.515343928194927	1.2148276977859256	gif
http://media.giphy.com/media/fvcrSYkOmtP8c/giphy.gif	anime,angry,rain,fairy tail,mad,annoyed,stare,anger,staring,not amused,gray,gray fullbuster,raining,glare,deadpan,	264	28.51388341397104	1.0928422707952343	gif
http://media.giphy.com/media/8tZ4Pv9nMK7io/giphy.gif	music,pop,season 4,shakira,commercial,et,usher,nbc,adam levine,promo,the voice,blake shelton,coaches,	265	28.50963645112827	1.1069810059957585	gif
http://media.giphy.com/media/VbVmI0QWzwhEs/giphy.gif	reaction,doctor who,whatever,torchwood,martha jones,freema agyeman,	266	28.509221128742542	1.016659288233435	gif
http://media.giphy.com/media/78CeykFaDqjW8/giphy.gif	the look,unimpressed,whitney houston,suspicious,say what,	267	28.50635262596891	1.4633941071871555	gif
http://media.giphy.com/media/ZfuidXHMQHfLW/giphy.gif	movies,reactions,annoyed,disappointed,incredulous,irritated,	268	28.495738144321145	1.0343325427300356	gif
http://media.giphy.com/media/spcKuV3GP6lYA/giphy.gif	tv,unimpressed,eye roll,james van der beek,	269	28.487617445831354	1.2791180219094345	gif
http://media.giphy.com/media/c0UwTtONE83o4/giphy.gif	celebrities,dog,shit,rreactiongifs,	270	28.48577701201436	0.9574925713681154	gif
http://media3.giphy.com/media/FCBHW44OSNnRS/giphy.gif	andrew garfield,no,shaking my head,	271	28.485727870235763	1.0473376453482253	gif
http://media2.giphy.com/media/HXAzvudU9uYda/giphy.gif	shocked,david bowie,concerned,	272	28.48100484084866	1.0589442071480348	gif
http://media.giphy.com/media/UVJvYRCHsfD2/giphy.gif	wtf,tegan and sara,random,mother,thia,	273	28.477095917463853	0.9147871521956012	gif
http://media.giphy.com/media/AfFSPcOOq024w/giphy.gif	movies,omg,reactions,tags,incredulous,disturbed,bothered,	274	28.47693631033044	1.1601187188378164	gif
http://media.giphy.com/media/PQAbqwnaIijFm/giphy.gif	giphytrending,guy,confused,what,	275	28.47489241155957	1.077921111685044	gif
http://media2.giphy.com/media/1R0cQCHcdqdiM/giphy.gif	ryan gosling,no,celebrities,	276	28.47359247971116	1.0951924256330803	gif
http://media.giphy.com/media/yPH6KJ1vXofwQ/giphy.gif	movies,film,mine,cary grant,old hollywood,arsenic and old lace,charade,notorious,north by northwest,the philadelphia story,the awful truth,suspicion,blonde venus,gif:cg,crying for you,rip bb,ughha'fdcdaj'elaxn;a;,	277	28.469588608418345	0.9716640777125196	gif
http://media.giphy.com/media/xiAqCzbB3eZvG/giphy.gif	angry,office,working,monday,throwing,	278	28.468039016414423	1.0925952461050736	gif
http://media.giphy.com/media/HCserAo57GoO4/giphy.gif	funny,lady gaga,confused,r kelly,original,artpop,lmao,	279	28.455337572488215	1.032637873797508	gif
http://media0.giphy.com/media/tvHbsAxQnA4EM/giphy.gif	shocked,britney spears,patrick,surprised patrick,	280	28.455084164020736	1.02815378966001	gif
http://media.giphy.com/media/TpVWqkMYmUZgc/giphy.gif	harry potter,emma watson,hermione granger,hermione,vomit,excuse me,	281	28.450536737408314	1.1089901635100563	gif
http://media.giphy.com/media/4brnqnMgxwKE8/giphy.gif	emma stone,eye roll,the look,relaxed,	282	28.432840074244528	1.084992772790589	gif
http://media.giphy.com/media/PL1lr1HnT5ZCM/giphy.gif	cat,kitty,cranky,	283	28.427357175866405	1.1405016774770864	gif
http://media.giphy.com/media/hzthYZug3bZ96/giphy.gif	funny,90s,drugs,crazy,retro,weird,kids,nostalgia,nick,steve,blues clues,nickalodeon,noggin,	284	28.42250014399552	0.9821809789070253	gif
http://media.giphy.com/media/BzN8QhAltm384/giphy.gif	blood,shot,hobo with a shotgun,	285	28.42092029593998	1.1082065050217924	gif
http://media.giphy.com/media/gc1ESwlSsBBhS/giphy.gif	food & drink,infomercial,me and life,found via imgr,	286	28.420884021110588	1.2002805715515534	gif
http://media.giphy.com/media/QMcamps7Gzj2g/giphy.gif	tv,shocked,seinfeld,kramer,	287	28.411581030314508	1.0557376009109463	gif
http://media1.giphy.com/media/BvqbfIBhHk7ba/giphy.gif	the simpsons,scared,smithers,waylon smithers,	288	28.396438312480793	1.039373467277002	gif
http://media.giphy.com/media/11aXrDrrDgNOTe/giphy.gif	tv,hbo,the sopranos,sopranos,tony soprano,1x05,miss-lazarus,	289	28.38349726682317	1.147716445180988	gif
http://media.giphy.com/media/fe9RGrS498qnS/giphy.gif	no,will ferrell,ron burgundy,conan o'brien,anchorman 2,	290	28.378884139956373	0.971693553722466	gif
http://media.giphy.com/media/11VTSDbxGqDOKI/giphy.gif	movies,mirror,shrek,ogre,shrek forever after,by kiwikata,	291	28.378582933765575	1.2688299677473274	gif
http://media.giphy.com/media/11Lf2iCBl0B6a4/giphy.gif	random,think,redditors,	292	28.37820715678946	1.0052688612569962	gif
http://media.giphy.com/media/9Tp0jnk1p9KzC/giphy.gif	wwe,wrestling,triple h,ric flair,thumbs down,batista,	293	28.359355312271592	1.123485315589623	gif
http://media.giphy.com/media/PJzbmvDtxVoE8/giphy.gif	tv,reality tv,real housewives,real housewives of atlanta,rhoa,sex and dating,kenya moore,dont care,	294	28.357485059463016	1.0207264625612833	gif
http://media.giphy.com/media/vyTMwnP3OCy2I/giphy.gif	television,mine,the office,michael scott,kevin malone,rest assured single people,consider this my retirement from looking for love,i will protect you from the hostile pda,blood drive,i might become religious or something idk,	295	28.35649136059319	1.2861775585612996	gif
http://media.giphy.com/media/aIKBDJM2Rb86Q/giphy.gif	the simpsons,the simpsons,angry,pissed,maggie simpson,you suck,	296	28.356279602662806	1.111794668068526	gif
http://media.giphy.com/media/GjnViXLoz9LWg/giphy.gif	community,season 4,scared,jeff winger,annie edison,shocked,abed nadir,troy barnes,britta perry,spoiler,screaming,shirley bennett,history 101,	297	28.355345112488283	0.9876799320426354	gif
http://media.giphy.com/media/BYfMyjPCBKaXK/giphy.gif	grumpy cat,tickling,	298	28.354196217898107	1.2966724302480408	gif
http://media.giphy.com/media/uOBIRAaThprji/giphy.gif	giphytrending,frustrated,unimpressed,rhobh,real housewives of beverly hills,yolanda foster,not cute,	299	28.34973500660402	1.307060557346618	gif
http://media.giphy.com/media/12TPfuXcw1G5YA/giphy.gif	funny,lol,fun,random,images,	300	28.344012648119996	0.9793930268852831	gif
http://media.giphy.com/media/TS2qFpykchOuY/giphy.gif	movies,the devil wears prada,	301	28.32675519165841	1.214844875627019	gif
http://media.giphy.com/media/14kr6CmCkt2PPq/giphy.gif	movie,zombie,r,julie,r and julie,julie and r,julie amp r,r amp julie,	302	28.32641496063932	1.2532101348021423	gif
http://media2.giphy.com/media/2PcLTGxo5meJ2/giphy.gif	disney,scared,nervous,snow white and the seven dwarfs,1937,	303	28.323614409959283	1.0194955608154377	gif
http://media3.giphy.com/media/6dkAfPaMXgn6/giphy.gif	kitten,loki,hahahaha,diary,end of the world,yeah i went there,enjoy you bastards,loki story,394,	304	28.315015889248347	1.006886258920094	gif
http://media.giphy.com/media/LEtMl1SggilWM/giphy.gif	movie,disney,dreamworks,toy story,toy story 2,	305	28.312784598681944	1.0655004838958668	gif
http://media.giphy.com/media/t0pbPOdu6hoCk/giphy.gif	movie,no,bruce lee,the way of the dragon,	306	28.302207285109997	1.0762628280270372	gif
http://media.giphy.com/media/cuGIZ5SL3JJyE/giphy.gif	giphygooglealert,state,worst,about,policymic,every,stereotype,	307	28.289774915139876	1.042549696923576	gif
http://media.giphy.com/media/6U6sno5AkUsOQ/giphy.gif	movies,disney,scared,frozen,shocked,olaf,	308	28.27552958842486	1.950781344587464	gif
http://media.giphy.com/media/WOVIyE8m3W6hG/giphy.gif	britney spears,britney,bored,unimpressed,	309	28.261463345464435	1.3063465098975646	gif
http://media.giphy.com/media/EU1A2dJDWKXgA/giphy.gif	tv,hbo,veep,	310	28.22565552292237	1.2842253541322344	gif
http://media.giphy.com/media/gzkUBGaISi60o/giphy.gif	girl,shocked,courtney stodden,couples therapy,	311	28.22360920693362	1.1476214694757851	gif
http://media3.giphy.com/media/11AhuUM0WCwsms/giphy.gif	tv,fashion,gossip girl,bored,whatever,eye roll,leighton meester,please,blair waldorf,sassy,	312	28.22317098511352	0.9988074508993168	gif
http://media.giphy.com/media/EPsdF1SvWrzHy/giphy.gif	tv,rage,	313	28.21561847136234	1.107869819880764	gif
http://media.giphy.com/media/CvDgluAijjbiw/giphy.gif	giphytrendinghold,sadness,pure,	314	28.214969255778872	1.3004887878454665	gif
http://media0.giphy.com/media/xydnmECatUuC4/giphy.gif	married with children,hero,al bundy,despair,desespero,	315	28.209121533193983	1.0545334927136247	gif
http://media.giphy.com/media/Q9HRMtAGKK4lG/giphy.gif	tv,tim and eric,	316	28.203949669371333	1.0940795270323116	gif
http://media.giphy.com/media/AeD3T6sfERnvG/giphy.gif		317	28.20377463310279	1.0452293920894882	gif
http://media.giphy.com/media/rUQ3jVUsb5Hwc/giphy.gif	tv,no,smh,oprah winfrey,	318	28.195054553165637	1.005301595821507	gif
http://media3.giphy.com/media/ofjlyZc5fnzm8/giphy.gif	sherlock,angry,benedict cumberbatch,crying,scared,no,martin freeman,bbc,feels,upset,nope,fear,okay,emotions,anger,watson,fangirling,afraid,feeling,not okay,overload,scold,moffat!!!!,	319	28.191845282665458	1.0960130976302076	gif
http://media.giphy.com/media/rhnTF5JSqYLmM/giphy.gif	the office,no,michael scott,	320	28.19181882547813	1.027693528750575	gif
http://media.giphy.com/media/h5cSZCw6Rxr0c/giphy.gif	funny,eye roll,sassy,ratchet,	321	28.179549173232257	1.3877587727059812	gif
http://media2.giphy.com/media/rGKJuS1niGx1e/giphy.gif	supernatural,drunk,spongebob squarepants,you,spongebob,sleep,the,fall,suspicious,sleeping,i,a,zayn,followers,is,so,will,never,malik,when,for,bit,rape,onedirection,i'm,asleep,but,because,weak,thewanted,loveyouall,	322	28.176504805680107	0.911688381901361	gif
http://media.giphy.com/media/129cmSNOt6RFOE/giphy.gif	movies,the lord of the rings,return of the king,our,elise,arwen,elrond,	323	28.16840023107826	1.0335410552175404	gif
http://media.giphy.com/media/glCIt0pgTTSSs/giphy.gif	arrested development,scared,omg,buster bluth,	324	28.166875851271143	0.9916957776917229	gif
http://media.giphy.com/media/aXPf2Ggwlkl44/giphy.gif	giphytrendinghold,reactiongifs,perfect,girlfriend,home,porn,gets,	325	28.165783294071375	1.2979610077008514	gif
http://media.giphy.com/media/4OaZWXGxrpekE/giphy.gif	angry,jersey shore,snooki,leave,	326	28.158064174934168	1.1352522384504427	gif
http://media.giphy.com/media/snEeOh54kCFxe/giphy.gif	the office,nervous,michael scott,panic,steve carrell,	327	28.155088805532515	0.9686292960304976	gif
http://media.giphy.com/media/TIDFAIek994f6/giphy.gif	no,smh,disgusted,horrified,	328	28.148859066490832	1.0417408169504128	gif
http://media.giphy.com/media/vaFB12k4VOnO8/giphy.gif	angry,screaming,upset,arthur,	329	28.125311570692407	1.4229161350809434	gif
http://media3.giphy.com/media/uCgOwtJxlh0LS/giphy.gif	angry,birthday,family,giphybirthday,drags,	330	28.110329738252613	0.9564951174124658	gif
http://media.giphy.com/media/BcVzio5hKnY3e/giphy.gif	no,scared,tv,comedy,seinfeld,jerry seinfeld,seineld,	331	28.10486741018802	1.0513161233682626	gif
http://media.giphy.com/media/RQlynnbfVIGs0/giphy.gif	tv,bill clinton,	332	28.08847638410955	1.1126311305131784	gif
http://media.giphy.com/media/k9DQoNQ7TOeWY/giphy.gif	emma stone,confused,frustrated,sigh,crazy stupid love,	333	28.08793864383869	1.1760768180459424	gif
http://media.giphy.com/media/T0S33Gx1DcCdi/giphy.gif	arrested development,scared,shocked,buster bluth,	334	28.07355135748568	1.0497334954998476	gif
http://media.giphy.com/media/12sxFeio9eioms/giphy.gif	music,reaction,lana del rey,eye roll,relatable,	335	28.073099672767082	1.1113270865942226	gif
http://media.giphy.com/media/HsJtJgLe3OY5W/giphy.gif	donald glover,	336	28.068550997840912	1.1437193957719018	gif
http://media.giphy.com/media/g7ZlV1riFzVHW/giphy.gif	cartoons & comics,no,donald duck,do not want,talk to the hand,	337	28.0675179974294	1.0243094650399036	gif
http://media.giphy.com/media/Hia0lgVsLr0li/giphy.gif		338	28.066409603049852	1.1841629216456655	gif
http://media.giphy.com/media/NxuU46roypIGc/giphy.gif	tv,hbo,true detective,matthew mcconaughey,rust cohle,woody harrelson,martin hart,ep3,	339	28.05099958635197	1.0092112593335516	gif
http://media.giphy.com/media/eU9lAuONvjFQc/giphy.gif	tv,elena gilbert,nina dobrev,1x05,elena stan club,egm,wp,	340	28.042621909793134	1.0705889783753653	gif
http://media.giphy.com/media/mm65UTZdtEMaA/giphy.gif	hot,sherlock holmes,elementary,thinking,johnny lee miller,	341	28.042268704085473	1.2883078571939421	gif
http://media.giphy.com/media/NUxnHaD318w9y/giphy.gif	tv,spongebob,	342	28.03970105081624	1.3622342262113627	gif
http://media.giphy.com/media/EriPNV1whwKac/giphy.gif	no,scooby doo,smh,	343	28.033681568119672	1.0675058544949265	gif
http://media.giphy.com/media/h5YJdPfkSbcRO/giphy.gif	tired,ugh,eye roll,sassy,done,ryan reynolds,sass,im done,exasperated,famous people,tvmoviesyoutube,	344	28.03240110736589	0.9839462189809798	gif
http://media.giphy.com/media/U1762twvGvwSA/giphy.gif	other,infomercial,	345	28.031472501388187	1.0520440260067856	gif
http://media.giphy.com/media/fZ139sxcvwUXC/giphy.gif	stephen colbert,the colbert report,fuck,fuck you,	346	28.02607172372933	1.0448567885110513	gif
http://media.giphy.com/media/cGIIRDS68vY1a/giphy.gif	shocked,that 70s show,topher grace,disturbed,eric foreman,	347	28.02343994042476	0.9576837540247904	gif
http://media.giphy.com/media/tZiLOffTNGoak/giphy.gif	angry,frustrated,facepalm,lilo and stitch,embarassed,stitch,stressed,	348	28.02314954447404	1.0917719803954877	gif
http://media.giphy.com/media/uzi8BHKMcbjhK/giphy.gif	no,grumpy cat,giphycatvidfest,	349	28.02148512464735	1.055774534873612	gif
http://media.giphy.com/media/n7ixGkbMKMPW8/giphy.gif	smh,	350	28.018513370992583	1.0431102463785427	gif
http://media.giphy.com/media/EspSkKRYRvQl2/giphy.gif	tv,gordon ramsay,hells kitchen,	351	28.017951105858963	1.1700222384319714	gif
http://media.giphy.com/media/13ox6NsMV4OpgI/giphy.gif	giphyartistrealitytvgifs,real housewives,school,work,rhonj,real housewives of new jersey,dont care,milania,	352	28.017699146177783	0.8737558653749068	gif
http://media.giphy.com/media/VTksCTQMHrody/giphy.gif	suspicious,scrubs,happy endings,	353	28.01375446741576	1.0691621269933926	gif
http://media.giphy.com/media/WIBlwPPsD7ak8/giphy.gif	reaction,guns n roses,incredulous,paradise city,greaseball,	354	28.009444857558098	0.9787051247565935	gif
http://media.giphy.com/media/PVLis63Z15UWc/giphy.gif	giphytrending,parks and recreation,april ludgate,ben wyatt,parksedit,favourite friendship,	355	27.999877616942396	1.2200013244006895	gif
http://media.giphy.com/media/BQB0WXp6m9bjy/giphy.gif	tv,movies,hbo,veep,	356	27.99480706142668	1.3415845682816845	gif
http://media.giphy.com/media/K1SmLDrWZolHO/giphy.gif	funny,cat,christmas,waiting,	357	27.979397235276856	1.3408087315813177	gif
http://media.giphy.com/media/hUhtL7XQYgjny/giphy.gif	upset,george a romero,dawn of the dead,ken foree,	358	27.978220653705318	1.3227568498237763	gif
http://media.giphy.com/media/Ld7IFYuds4MA8/giphy.gif	shocked,oprah,oprah winfrey,	359	27.977960496961195	1.0181863584733153	gif
http://media.giphy.com/media/7WweesUdY18QM/giphy.gif	francis underwood,tv,series,house of cards,kevin spacey,fu,netflix,frank underwood,robin wright,claire underwood,	360	27.972902803147374	1.0463822375965735	gif
http://media0.giphy.com/media/d8hmw74CXBdXW/giphy.gif	jennifer lawrence,confused,what,	361	27.971209063883748	1.1429862356808436	gif
http://media2.giphy.com/media/DNrkG3kqLtoOY/giphy.gif	community,the hangover,ken jeong,obsessed,	362	27.96826360688262	0.971923047928727	gif
http://media.giphy.com/media/INVXSHh2uIMhy/giphy.gif	wtf,yu yu hakusho,disturbing,disturbed,yyh,hiei,eye twitch,unnerved,eye twitching,unnerving,	363	27.96821229810755	0.9627398789337336	gif
http://media.giphy.com/media/dRsv3UDF4KZ6E/giphy.gif	scared,the sandlot,	364	27.965644428694283	1.3948180936756753	gif
http://media.giphy.com/media/ClQUpiHQnEGkg/giphy.gif	tv,doctor who,matt smith,the doctor,eleventh doctor,	365	27.95960510598747	1.2624708646337761	gif
http://media.giphy.com/media/esy0etZWGDRWU/giphy.gif	angry,mad,feelings,pissed,	366	27.94917607446923	1.4234137778331244	gif
http://media.giphy.com/media/yK5FrRpv6fsUU/giphy.gif	frustrated,annoyed,space ghost,	367	27.9459586745089	1.2522299945043964	gif
http://media.giphy.com/media/BUfFBxg1OwnFS/giphy.gif	cartoons & comics,face,bobs burgers,ahhh,bobs burger,	368	27.936307627881142	1.0393557386309609	gif
http://media.giphy.com/media/EH2rY2fq7YrHq/giphy.gif	leonardo dicaprio,eye roll,oh my god,the wolf of wall street,	369	27.925135323837345	1.0224800162757774	gif
http://media.giphy.com/media/VnDMVJylgXYY0/giphy.gif	donald glover,childish gambino,	370	27.92136553058933	0.9880467215247005	gif
http://media2.giphy.com/media/xn12oFdfxLF7O/giphy.gif	eye roll,george clooney,	371	27.915736695891777	0.9812641993349235	gif
http://media1.giphy.com/media/D5fvO5wqS6buw/giphy.gif	30 rock,eye roll,	372	27.912969670182832	0.9738236809086513	gif
http://media.giphy.com/media/yv7MMI0KdXbHO/giphy.gif	movies,celebrities,clint eastwood,action,dirty harry,thriller,crime,clinteastwoodgif,dirty harry movie,clinteastwood,dirtyharry,dirtyharrymovie,	373	27.905199240373978	1.4096647827517932	gif
http://media.giphy.com/media/R2JueF2gu4Z9u/giphy.gif	confused,giphytrending,jack nicholson,thinking,	374	27.90217404642563	1.429764012249589	gif
http://media.giphy.com/media/KoCSf9wkbKD4I/giphy.gif	sad,work,stop,it,to,thinking,but,ive,	375	27.90161846196311	1.140267892445113	gif
http://media.giphy.com/media/N1SQ1nBZNoWf6/giphy.gif	movies,disney,the little mermaid,ariel,annoyed,	376	27.894379397597156	2.6536059362520232	gif
http://media.giphy.com/media/5WjgnOQEy0a76/giphy.gif	absurdnoise,random,screaming,omfg,golden girls,blanche devereaux,80's,80's tv,golden girls fan fiction?,didoes,horny old ladies,	377	27.892360131510955	0.9755778226368144	gif
http://media.giphy.com/media/CUbvv9o11Z69O/giphy.gif	tv,wrestling,tna,impact,spit,madison rayne,odb,	378	27.87865607378987	1.1673750572748183	gif
http://media.giphy.com/media/xhgAFd54VUFKE/giphy.gif	celebrities,miley cyrus,embarassed,grin,embarassing,grinning,sheepish,	379	27.85674394393233	1.0869391734173077	gif
http://media.giphy.com/media/XUWmlMbpIUZXy/giphy.gif	movies,brad pitt,fight club,tyler durden,	380	27.853540307930636	1.082022185382855	gif
http://media.giphy.com/media/13on9nJyTGWBDa/giphy.gif	tv,my mad fat diary,	381	27.85345712806695	1.245777960392431	gif
http://media.giphy.com/media/X7y4hjCAoJqVO/giphy.gif	finding nemo,dory,just keep swimming,its fucking catchy,idk but i laughed really hard,why did i tag funny,at joey,	382	27.850461225143373	1.2924386195444884	gif
http://media.giphy.com/media/eITRI9cKkH1T2/giphy.gif	music,nicki minaj,queen,ciara,ymcmb,queen of rap,queen of rnb,	383	27.84465928209366	1.2878263638516023	gif
http://media1.giphy.com/media/YzZ29cRg4hkrK/giphy.gif	frustrated,facepalm,bill cosby,disbelief,	384	27.844117479940387	1.069949726346537	gif
http://media0.giphy.com/media/ARH12W5IVAbni/giphy.gif	television,bored,stephen colbert,the colbert report,impatient,	385	27.844029669599976	1.1458154441764203	gif
http://media.giphy.com/media/qgJTm1BtdgugU/giphy.gif	true blood,slapping,slap,down,sit down,slap a bitch down,	386	27.843174374303107	1.0426658938579165	gif
http://media.giphy.com/media/rHb88nAbhjZHa/giphy.gif	jennifer lawrence,the hunger games,thg,katniss everdeen,	387	27.838376346691355	1.0230382373360332	gif
http://media.giphy.com/media/LybtdXSHaJ7t6/giphy.gif	rachel berry,misfit,wahhh,grief,misunderstood,on an island far far away,	388	27.831849567144268	1.0174872868764717	gif
http://media3.giphy.com/media/FcJPmJEmFyzG8/giphy.gif	meme,mma,samuel l jackson,ufc,coming to america,ufc 158,	389	27.83054227287648	1.0351681845635718	gif
http://media2.giphy.com/media/XJBm7mSs45DSU/giphy.gif	beyonce,eye roll,whatever,sassy,i don't care,	390	27.82765999795679	1.3670642340278243	gif
http://media.giphy.com/media/Mex9BOobHckIo/giphy.gif	why,rage,neil patrick harris,rant,	391	27.824828173163404	1.072757750614669	gif
http://media.giphy.com/media/eRByskHcqJZU4/giphy.gif	tv,michael,gob,	392	27.81975079786681	1.038862706095481	gif
http://media.giphy.com/media/tpAREvrLIDvQ4/giphy.gif	tv,reaction,bored,uninterested,	393	27.818500160317768	1.1969847649851897	gif
http://media.giphy.com/media/M0F8XL7edqDkc/giphy.gif	frustrated,annoyed,ugh,facepalm,the cosby show,	394	27.818386937083794	0.9928947900215473	gif
http://media.giphy.com/media/s7BZQGryLkuvS/giphy.gif	scarlett johansson,	395	27.815623263322397	1.0007399523183853	gif
http://media.giphy.com/media/vix9j7k0f9jPO/giphy.gif	angry,buffy the vampire slayer,the look,	396	27.807826409633485	1.2752361587688414	gif
http://media.giphy.com/media/7OhbtYG4HWCLC/giphy.gif	sad,disappointed,naomi watts,	397	27.80765353862844	0.9981666887819344	gif
http://media.giphy.com/media/nbKKMfmeDknzq/giphy.gif	frustrated,shit,austin powers,mike myers,dr evil,	398	27.804398582042843	1.1666491442233187	gif
http://media.giphy.com/media/2VWQ20reNgmgU/giphy.gif	movies,	399	27.803901759856064	1.1225097840971878	gif
http://media1.giphy.com/media/S6xpapFIBFm5G/giphy.gif	tv,sherlock,benedict cumberbatch,bbc,idiot,forget him,	400	27.803659039879324	1.0181381202116169	gif
http://media.giphy.com/media/95jaWzP8R4lSE/giphy.gif	confused,what,stunned,	401	27.79033646725653	1.3027988627940745	gif
http://media2.giphy.com/media/hsQiaCx9JyyeQ/giphy.gif	zach galifianakis,middle finger,angry,fuck you,	402	27.789951940850372	1.0489114907971457	gif
http://media.giphy.com/media/Z4paqBLDBfe2k/giphy.gif	giphytrending,sad,crying,depressed,upset,steve harvey,	403	27.786179964846134	1.0286952568423724	gif
http://media.giphy.com/media/OZQw680nSuLrG/giphy.gif	eye roll,whatever,mark cuban,	404	27.77584096119299	1.0295656808659905	gif
http://media.giphy.com/media/3U6Q1oc0Roglq/giphy.gif	tv,funny,	405	27.769205312617554	1.2416175062867614	gif
http://media.giphy.com/media/u4PP8qvsj5i1O/giphy.gif	star trek,tng,facepalm,worf,wesley crusher,	406	27.769013093003302	1.101037380124572	gif
http://media0.giphy.com/media/OOezqqxPB8aJ2/giphy.gif	angry,frustrated,lilo and stitch,fml,	407	27.768601663505795	1.138231730360697	gif
http://media.giphy.com/media/gh1PcN7Agxlcc/giphy.gif	facepalm,done,disappointed,give up,	408	27.76836144361891	1.0826946279461005	gif
http://media.giphy.com/media/3JXtPyM7gmgX6/giphy.gif	scared,shocked,the it crowd,chris odowd,	409	27.763384010529727	1.233529128566859	gif
http://media.giphy.com/media/bupsZiBKn7vAk/giphy.gif	friend,asks,mrw,pub,pint,	410	27.75894465689774	1.2237839650375733	gif
http://media.giphy.com/media/52TJsBLAooWDC/giphy.gif	meh,yuki,tsuritama,hes surprised of thge ghey,i rlly love him hse so kawaii,	411	27.757635468038774	0.9578367816725785	gif
http://media.giphy.com/media/13uBCxd7zDrqtq/giphy.gif	workaholics,personal,bye,really,	412	27.753569225498072	1.079208887128753	gif
http://media.giphy.com/media/p60L4kNY1szqU/giphy.gif	tv,stephen colbert,frustrated,colbert report,facepalm,embarassed,	413	27.753297189492077	1.0603625339511609	gif
http://media.giphy.com/media/iUYwiYC4K2gF2/giphy.gif	movies,art,film,photoset,hoppip,pop,imt,quentin tarantino,pulp fiction,john travolta,bruce willis,samuel l jackson,uma thurman,tim roth,harvey keitel,rosanna arquette,ving rhames,amanda plummer,	414	27.748284705766057	1.5019773637334748	gif
http://media.giphy.com/media/4DA5qIUV1w2oU/giphy.gif	angry,mad men,idiot,break up,joan holloway,	415	27.74638189483553	1.0869448063636515	gif
http://media.giphy.com/media/bZAya1cIgkmpW/giphy.gif	tv,new girl,what,jess,	416	27.739742198329104	0.9461584820696793	gif
http://media2.giphy.com/media/iUJrcUATzeELu/giphy.gif	angry,frustrated,snl,saturday night live,kristen wiig,funny face,angry kristen wiig,	417	27.73817559822343	1.2464671558504936	gif
http://media.giphy.com/media/aTQJJpOUvLdKM/giphy.gif	movies,game of thrones,	418	27.736365690143014	0.9662814978651135	gif
http://media.giphy.com/media/9IyMr82f6WtXi/giphy.gif	celebrities,reactions,gay,do not want,disappointed,hopeless,disappointment,dismissed,	419	27.726397830478753	0.9751818770333118	gif
http://media.giphy.com/media/131VHfKtsB86Wc/giphy.gif	reaction,no,confused,fuck,disappointed,bewildered,	420	27.720028198848073	1.1868410408383934	gif
http://media.giphy.com/media/j8HXOKONErVp6/giphy.gif	tv,glee,no,hell no,	421	27.717531744835096	1.3275356386121213	gif
http://media2.giphy.com/media/nCsTeT0PMR0mQ/giphy.gif	family guy,angry,stewie,cleveland,personalpage,flipping couch,	422	27.711539087526724	1.0198754752585482	gif
http://media0.giphy.com/media/Bw0OqBqf3dbwI/giphy.gif	robert downey jr,angry,frustrated,	423	27.699251388526573	1.3507640007139403	gif
http://media1.giphy.com/media/KeocNKVNuWmD6/giphy.gif	no,kristen stewart,	424	27.69812440947712	1.0365249609579237	gif
http://media1.giphy.com/media/jtSjW9HKYqjlK/giphy.gif	amanda bynes,	425	27.697238689091	1.0719493944044043	gif
http://media.giphy.com/media/CLIFuFTnrx2wM/giphy.gif	reaction,cartoon,spongebob squarepants,spongebob,squidward,frown,animate,	426	27.69521182012877	1.0142398657131573	gif
http://media.giphy.com/media/3oHQYjs13ymd2/giphy.gif	celebrities,reactions,whatever,kat dennings,	427	27.693824091085087	1.0967592168907572	gif
http://media0.giphy.com/media/zlKxsFMvLJ2wg/giphy.gif	halloween,scary,alien,challenger23,	428	27.692674459911487	0.931856058233914	gif
http://media.giphy.com/media/tVGGNwReEM9uo/giphy.gif	kpop,reaction,jei,fiestar,i wonder what he said though,she looks genuinely offended,	429	27.692091195246036	1.002307066279421	gif
http://media.giphy.com/media/GfYtZzZcBq0Cc/giphy.gif	upset,m,i,brain,so,bay,because,rebooting,	430	27.690514790032637	1.0419127505026078	gif
http://media.giphy.com/media/PSsDYzCFk2fba/giphy.gif	scared,	431	27.681119839884772	1.2253225542171349	gif
http://media.giphy.com/media/cnGtGGCiBHMJy/giphy.gif	tv,community,kiss,sexy,friend,hug,reactions,alison brie,babes,	432	27.67978888633499	1.0833630062219453	gif
http://media1.giphy.com/media/sIE0hveuiwCNG/giphy.gif	cartoon,angry,adventure time,cartoon network,rage,anger,break up,princess bubblegum,table flip,hatred,	433	27.67488490327046	1.0850383192322626	gif
http://media.giphy.com/media/p3i16CCXzJ5VS/giphy.gif	tv,hbo,girls,hbo girls,girls hbo,hannah horvath,lena dunham,shoshanna shapiro,1x03,zosia mamet,	434	27.67299829958553	1.2194516320641355	gif
http://media.giphy.com/media/slpBOxNwDUuS4/giphy.gif	harry potter,angry,parody,mash up,snape,severus snape,pee,professor snape,	435	27.671068927099256	1.0084288507623587	gif
http://media.giphy.com/media/A4ieIXA3KAoIo/giphy.gif	arrested development,jessica walter,lucielle bluth,	436	27.66479532671463	1.0929058973418209	gif
http://media.giphy.com/media/SS0qQGpPpZn4A/giphy.gif	cartoons & comics,south park,s,cartman,d,g,wendy,eric cartman,wendy testaburger,1209,	437	27.66451709000173	1.2218012308523953	gif
http://media.giphy.com/media/Of6DYbwXBGcvK/giphy.gif	anime,angry,mad,my little pony,annoyed,anger,rainbow dash,friendship is magic,annoy,	438	27.657377884368568	1.1202153352082973	gif
http://media.giphy.com/media/7e3DSSFWc5zZm/giphy.gif	cartoons & comics,reactions,suspicious,unsure,squint,not sure if want,	439	27.649007708650803	1.0241081173164466	gif
http://media.giphy.com/media/fUxwsUPfT8c7e/giphy.gif	movies,seriously,	440	27.647591185445624	0.9401655897241873	gif
http://media.giphy.com/media/12kdKkEmpsGX5e/giphy.gif	celebrities,david bowie,interview,70s,david bowie interview,	441	27.646674631097962	1.0169991263991822	gif
http://media2.giphy.com/media/qlm4uBz91ZOko/giphy.gif	the office,creed,relief,creed braton,	442	27.644618896241838	1.1421577606814808	gif
http://media.giphy.com/media/127VzXH4T0xAMU/giphy.gif	giphytrending,stephen colbert,the colbert report,guest,charles duhigg,	443	27.616352707349666	1.0066437230521588	gif
http://media.giphy.com/media/t81FeEosFFHva/giphy.gif	rihanna,snl,nervous,shy ronnie,andy samburg,	444	27.611370998481103	1.3283580032410933	gif
http://media.giphy.com/media/NJP8zxTDSyi8o/giphy.gif	beyonce,whatever,girlbye,gilrbye,	445	27.60685780898068	1.188371279137942	gif
http://media.giphy.com/media/11zKeMRvfAVPKU/giphy.gif	music,whatever,meh,eminem,	446	27.6033745226181	0.9572316637956844	gif
http://media.giphy.com/media/mXB4MntAAGgU/giphy.gif	emma stone,awkward,funny face,	447	27.60215855455866	0.9583453027938896	gif
http://media.giphy.com/media/BP7hDjzsM1Hvq/giphy.gif	giphytrendinghold,reactiongifs,	448	27.597507977141465	1.0078909779084486	gif
http://media.giphy.com/media/4sn4lFufKgEIU/giphy.gif	celebrities,reactions,tired,stressed,stress,exhausted,fed up,frazzled,stressing,	449	27.596877608890484	1.0396309927360685	gif
http://media.giphy.com/media/D8CFFdbC6udR6/giphy.gif	television,politics,stephen colbert,late night,election 2012,colbert report,colbert,michelle obama,dnc,dnc2012,	450	27.593666878818315	1.0271018396109837	gif
http://media.giphy.com/media/12XMGIWtrHBl5e/giphy.gif	reactiongifs,the office,no,steve carell,michael scott,no god no,no god please no,	451	27.591638594527403	1.041529044979558	gif
http://media.giphy.com/media/FdSNPG5aTGnHq/giphy.gif	angry,jennifer aniston,	452	27.59018211994992	1.2834126544981952	gif
http://media2.giphy.com/media/THPEqEZZuUxrO/giphy.gif	pout,sad,do not want,reactions,cheryl cole,doesn't like,pouty,	453	27.58507548587246	0.981215215027263	gif
http://media.giphy.com/media/Erg8FbysElNss/giphy.gif	robert downey jr,unimpressed,the look,rdj,chilling,	454	27.584359366444392	1.3565797233609804	gif
http://media.giphy.com/media/Od3BqIOv6JBfO/giphy.gif	tv,reactions,tina fey,judging you,unsure,incredulous,judgmental,	455	27.568443266964525	0.9673851922016532	gif
http://media.giphy.com/media/eJ6hIlws3jL6U/giphy.gif	funny,reaction,infomercial,lolz,city year,whatshouldwecallmycityyear,chillow,	456	27.56760482601472	0.9653082496690338	gif
http://media.giphy.com/media/11V2xjHl55I5Ve/giphy.gif	movies,degrassi,haha doesnt he knock her up,	457	27.548663087759955	1.2650862869673158	gif
http://media.giphy.com/media/Ra9pmNHcgsAr6/giphy.gif	reaction,batman,shocked,reaction gif,batman gif,reaction image,shocked batman,	458	27.54801306760714	1.0726845841354582	gif
http://media.giphy.com/media/AoOJwoGBHY6ly/giphy.gif	movies,jeremy renner,hansel and gretel,	459	27.547806886430795	1.4654491593755912	gif
http://media.giphy.com/media/xzz1qb4YPhJaU/giphy.gif	charlize theron,descriptive noise,young adult,	460	27.541259909387225	1.275180520750436	gif
http://media.giphy.com/media/4seT1wVx2CFX2/giphy.gif	frustrated,annoyed,smashed,fuck this,the daily show with jon stewart,crushed,fuck this shit,jon stewart crushes champagne glass,	461	27.54063077603532	0.9806625948983506	gif
http://media.giphy.com/media/S2CLNWkWHz5ra/giphy.gif	unimpressed,suspicious,cnbc,the profit,	462	27.527490595999236	1.014054130543681	gif
http://media.giphy.com/media/4TNU94vMjL2iA/giphy.gif	giphygooglealert,state,worst,about,policymic,every,stereotype,	463	27.51015111174196	0.9928612126202143	gif
http://media1.giphy.com/media/OQuo0LsrQYcX6/giphy.gif	lol,couple,headshot,throw,ko,park,jealous,jealousy,jogger,	464	27.50475129712921	1.3475198539534565	gif
http://media.giphy.com/media/kwuuGh4e68Feo/giphy.gif	halloween,month,dear,funnygifs,	465	27.503344213188743	1.220271724731826	gif
http://media.giphy.com/media/U0KKP27zRTL1e/giphy.gif	shocked,dude,jerry seinfeld,publishing,dudeinpublishing,jealousy,feeling old,young authors,	466	27.497855868156694	1.0988042295104612	gif
http://media.giphy.com/media/13DlTJDBoNcrFS/giphy.gif	movies,movie,tom hanks,forrest gump,i made this,jenny,robin wright,forrest,nineties,jinny,	467	27.494184052379836	1.2560697964395018	gif
http://media.giphy.com/media/PZsBPbkwwCbew/giphy.gif	movies,the munsters,	468	27.49383331398692	1.0669029332983748	gif
http://media.giphy.com/media/fqQLIny25Lrgs/giphy.gif	glee,finn hudson,	469	27.491752348651023	1.2645345925484959	gif
http://media.giphy.com/media/UIhoNMJ7mQlDq/giphy.gif	black and white,vintage,giphytrending,scared,screaming,	470	27.479665350620227	1.1483854409704821	gif
http://media.giphy.com/media/AkFGMbR8hol6E/giphy.gif	tv,movies,community,	471	27.473466733121352	1.4202177214883842	gif
http://media.giphy.com/media/vvTNl8IHHGseI/giphy.gif	tv,star trek,the interwebz,squee,mania,in response to the previous post,puking rainbows,	472	27.472740196749385	0.9264101129933926	gif
http://media.giphy.com/media/AlAgUr3pKl4re/giphy.gif	movie,film,reaction,game,1980s,look,disgust,tim curry,1985,clue,mrs. peacock,eileen brennan,clue movie,	473	27.472545955485824	1.212480181644304	gif
http://media.giphy.com/media/KWDMP9mDZZCCI/giphy.gif	infomercial,problems,	474	27.46890098653024	1.0037329788433693	gif
http://media.giphy.com/media/LVqSQnjdIUHUA/giphy.gif	disney,bambi,openm,porcupine,dis,trevor donovan,bambi 2,	475	27.4664077975746	1.0093079755633116	gif
http://media0.giphy.com/media/wMvESGxZ0Cqd2/giphy.gif	frustrated,ryan gosling,	476	27.46504212362348	0.9780080072094152	gif
http://media.giphy.com/media/W0ygonwr9XakE/giphy.gif	whatever,slow clap,dawson,james van der beek,deuces,cya,ok bai,	477	27.464319085540378	1.0107180654208052	gif
http://media.giphy.com/media/CCUrJm2D12bC/giphy.gif	mad men,tv,mad men,pete campbell,	478	27.458174079781955	0.9606948245498118	gif
http://media.giphy.com/media/E1nmJB4tbsGUo/giphy.gif	weird,random,absurdnoise,tongue,1960,60s movies,tongues,curse,pollyanna,random shit,1960s movies,odd humor,sandpaper,1913 books,halley mills,	479	27.453625650879903	1.0565513160317885	gif
http://media.giphy.com/media/nibmHRA8OD0Q0/giphy.gif	yoga,stretch,determined,	480	27.4501823267363	0.9889733249436516	gif
http://media.giphy.com/media/iFhr1qC9D3QmA/giphy.gif	movie,johnny depp,disappointed,ed wood,	481	27.44765536083196	0.96629048947376	gif
http://media2.giphy.com/media/TNYy8aY7yateU/giphy.gif	funny,facepalm,	482	27.446036271488154	0.9966761305474641	gif
http://media.giphy.com/media/7imxHQQMDxGsE/giphy.gif	tv,hbo,girls,hbo girls,girls hbo,marnie michaels,allison williams,1x02,oepc,	483	27.443878186589178	1.1412794979661298	gif
http://media.giphy.com/media/QxbDtr2ErMYog/giphy.gif	movies,i love lucy,lucille ball,	484	27.44365267098977	1.0451756684459574	gif
http://media.giphy.com/media/b4YoraDM08k92/giphy.gif	wtf,samuel l jackson,asshole,who,coming to america,	485	27.443487765250467	0.940653423718041	gif
http://media.giphy.com/media/FZoYlgH0QrXsA/giphy.gif	reaction,hey arnold,	486	27.43372445601541	1.037352091487196	gif
http://media1.giphy.com/media/LufLsYyKNaqpa/giphy.gif	tumblr,facepalm,humour,communication,stagiaire,compta,	487	27.433679500840594	1.0080319220615517	gif
http://media.giphy.com/media/Kcpv9ZnHvWyac/giphy.gif	jennifer lawrence,kesha,meus,katniss,otaku,isabelle fuhrman,otome,grito,felipe neto,olhoagonia,	488	27.430554909258518	1.2429935729579473	gif
http://media.giphy.com/media/VH80Z9EUNlpfi/giphy.gif	the simpsons,drunk,light,tired,monday,barney,hung over,	489	27.429489147498433	0.9968437986671654	gif
http://media.giphy.com/media/qVc33kZJ13eOk/giphy.gif	reactions,	490	27.429035416338138	0.9409617241060113	gif
http://media.giphy.com/media/KN6JSYTGXyE12/giphy.gif	movies,gaming,batman,joker,arkham city,arkham asylum,	491	27.42743768523722	1.089336922896149	gif
http://media3.giphy.com/media/nx8EFcXDZbAWc/giphy.gif	arrested development,michael bluth,her,	492	27.423278968491818	1.0424711426011832	gif
http://media.giphy.com/media/TyOVfJQv8xmve/giphy.gif	selena gomez,frustrated,annoyed,wizards of waverly place,alex russo,	493	27.422890383130838	1.2229717171241563	gif
http://media.giphy.com/media/dOrikGVJr5RgA/giphy.gif	frustrated,workaholics,adam devine,squinting,	494	27.421984461851853	1.012631344587982	gif
http://media.giphy.com/media/XUNMB1MGrM8Pm/giphy.gif	celebrities,no,adele,	495	27.420975197481248	1.0215044206036823	gif
http://media.giphy.com/media/sDUnkZhDG6Yfu/giphy.gif	reaction,g,grace helbig,seriously,really,	496	27.417337069916126	0.8473037426449499	gif
http://media3.giphy.com/media/cwPgK5aLp6bKM/giphy.gif	angry,megan fox,mad,surprise,fuck,fml,	497	27.413417823183558	0.9862354343720927	gif
http://media.giphy.com/media/11K7IAtro4KGdy/giphy.gif	giphytrendinghold,reactiongifs,	498	27.412293404059227	0.9592126868719693	gif
http://media.giphy.com/media/YgSKanxESKwo/giphy.gif	cat,disney,bored,lucifer,disinterested,	499	27.404858091366147	1.178472327474977	gif
